Security Code,Security Name,Ex Date,Purpose,Record Date,BC Start Date, BC End Date	,ND Start Date,ND End Date,Actual Payment Date
517001,BIRLAYAM,24 Apr 2009,Stock  Split From Rs.10/- to Rs.1/-,05 May 2009,-,-,24 Apr 2009,04 May 2009,-
532166,ALKASEC,06 May 2009,Stock  Split From Rs.2/- to Rs.1/-,13 May 2009,-,-,06 May 2009,12 May 2009,-
532981,ANULABS,11 May 2009,Stock  Split From Rs.10/- to Rs.1/-,18 May 2009,-,-,11 May 2009,15 May 2009,-
530655,GOODLUC,12 Jun 2009,Stock  Split From Rs.10/- to Rs.2/-,19 Jun 2009,-,-,12 Jun 2009,18 Jun 2009,-
506131,INDIACO,19 Jun 2009,Stock  Split From Rs.10/- to Rs.2/-,26 Jun 2009,-,-,19 Jun 2009,25 Jun 2009,-
511092,JMDTELEFILM,03 Jul 2009,Stock  Split From Rs.10/- to Rs.1/-,-,10 Jul 2009,16 Jul 2009,03 Jul 2009,09 Jul 2009,-
532454,BHARTIARTL,24 Jul 2009,Stock  Split From Rs.10/- to Rs.5/-,-,31 Jul 2009,21 Aug 2009,24 Jul 2009,30 Jul 2009,-
531273,RADHEDE,30 Jul 2009,Stock  Split From Rs.10/- to Rs.1/-,06 Aug 2009,-,-,30 Jul 2009,05 Aug 2009,-
512149,AVANCE,03 Aug 2009,Stock  Split From Rs.10/- to Rs.1/-,08 Aug 2009,-,-,03 Aug 2009,06 Aug 2009,-
533016, AUSTRAL,07 Aug 2009,Stock  Split From Rs.10/- to Rs.1/-,10 Aug 2009,-,-,03 Aug 2009,07 Aug 2009,-
531612,KGNIND,07 Aug 2009,Stock  Split From Rs.10/- to Rs.1/-,10 Aug 2009,-,-,03 Aug 2009,07 Aug 2009,-
530901,ACIL,14 Aug 2009,Stock  Split From Rs.10/- to Rs.5/-,17 Aug 2009,-,-,10 Aug 2009,14 Aug 2009,-
532793,SHREEASHTA,20 Aug 2009,Stock  Split From Rs.10/- to Rs.1/-,21 Aug 2009,-,-,13 Aug 2009,20 Aug 2009,-
530091,OVERSECA,27 Aug 2009,Stock  Split From Rs.10/- to Rs.1/-,28 Aug 2009,-,-,21 Aug 2009,27 Aug 2009,-
504398,SJCORP,28 Aug 2009,Stock  Split From Rs.10/- to Rs.1/-,31 Aug 2009,-,-,24 Aug 2009,28 Aug 2009,-
503657,VEERENRGY,04 Sep 2009,Stock  Split From Rs.10/- to Rs.1/-,07 Sep 2009,-,-,31 Aug 2009,04 Sep 2009,-
531223,ANJANI,08 Sep 2009,Stock  Split From Rs.10/- to Rs.1/-,-,10 Sep 2009,12 Sep 2009,03 Sep 2009,09 Sep 2009,-
532369,RAMCOIND,14 Sep 2009,Stock  Split From Rs.10/- to Rs.1/-,15 Sep 2009,-,-,08 Sep 2009,14 Sep 2009,-
511208,IVC,16 Sep 2009,Stock  Split From Rs.10/- to Rs.2/-,17 Sep 2009,-,-,10 Sep 2009,16 Sep 2009,-
522257,RAJOOENG,17 Sep 2009,Stock  Split From Rs.10/- to Rs.1/-,18 Sep 2009,-,-,11 Sep 2009,17 Sep 2009,-
532991,MVL,18 Sep 2009,Stock  Split From Rs.10/- to Rs.2/-,22 Sep 2009,-,-,14 Sep 2009,18 Sep 2009,-
514470,WINSOMTX,24 Sep 2009,Stock  Split From Rs.10/- to Rs.1/-,25 Sep 2009,-,-,17 Sep 2009,24 Sep 2009,-
509527,FALCONT,25 Sep 2009,Stock  Split From Rs.10/- to Rs.5/-,29 Sep 2009,-,-,18 Sep 2009,24 Sep 2009,-
532754,GMRINFRA,01 Oct 2009,Stock  Split From Rs.2/- to Rs.1/-,05 Oct 2009,-,-,23 Sep 2009,01 Oct 2009,-
523828,MENONBE,08 Oct 2009,Stock  Split From Rs.10/- to Rs.5/-,09 Oct 2009,-,-,01 Oct 2009,08 Oct 2009,-
526133,SUPERTEX,08 Oct 2009,Stock  Split From Rs.10/- to Rs.1/-,09 Oct 2009,-,-,01 Oct 2009,08 Oct 2009,-
512179,SUNTECK,09 Oct 2009,Stock  Split From Rs.10/- to Rs.2/-,12 Oct 2009,-,-,05 Oct 2009,09 Oct 2009,-
531216,COMFINTE,14 Oct 2009,Stock  Split From Rs.10/- to Rs.1/-,15 Oct 2009,-,-,08 Oct 2009,14 Oct 2009,-
532980,GOKUL,14 Oct 2009,Stock  Split From Rs.10/- to Rs.2/-,15 Oct 2009,-,-,08 Oct 2009,14 Oct 2009,-
532666,FCSSOFT,15 Oct 2009,Stock  Split From Rs.10/- to Rs.1/-,16 Oct 2009,-,-,08 Oct 2009,14 Oct 2009,-
590093,TRIMURTHI1,15 Oct 2009,Stock  Split From Rs.10/- to Rs.1/-,16 Oct 2009,-,-,08 Oct 2009,14 Oct 2009,-
533006,BIRLACOT,23 Oct 2009,Stock  Split From Rs.10/- to Rs.1/-,26 Oct 2009,-,-,16 Oct 2009,23 Oct 2009,-
532959,GAMMNINFRA,26 Oct 2009,Stock  Split From Rs.10/- to Rs.2/-,27 Oct 2009,-,-,20 Oct 2009,26 Oct 2009,-
533065,REISIXTEN,26 Oct 2009,Stock  Split From Rs.10/- to Rs.2/-,27 Oct 2009,-,-,20 Oct 2009,26 Oct 2009,-
532696,EDUCOMP,27 Oct 2009,Stock  Split From Rs.10/- to Rs.2/-,28 Oct 2009,-,-,21 Oct 2009,27 Oct 2009,-
532380,BABA,29 Oct 2009,Stock  Split From Rs.4/- to Rs.1/-,30 Oct 2009,-,-,23 Oct 2009,29 Oct 2009,-
531784,KADCONS,29 Oct 2009,Stock  Split From Rs.10/- to Rs.2/-,02 Nov 2009,-,-,26 Oct 2009,29 Oct 2009,-
530611,STURDY,29 Oct 2009,Stock  Split From Rs.10/- to Rs.2/-,30 Oct 2009,-,-,23 Oct 2009,29 Oct 2009,-
524200,VINATIORGA,30 Oct 2009,Stock  Split From Rs.10/- to Rs.2/-,03 Nov 2009,-,-,26 Oct 2009,30 Oct 2009,-
531693,YANTRA,04 Nov 2009,Stock  Split From Rs.10/- to Rs.1/-,05 Nov 2009,-,-,28 Oct 2009,04 Nov 2009,-
531497,MADHUCON,05 Nov 2009,Stock  Split From Rs.2/- to Rs.1/-,07 Nov 2009,-,-,30 Oct 2009,05 Nov 2009,-
532875,ADSL,11 Nov 2009,Stock  Split From Rs.10/- to Rs.5/-,12 Nov 2009,-,-,05 Nov 2009,11 Nov 2009,-
515145,HINDNATGLS,12 Nov 2009,Stock  Split From Rs.10/- to Rs.2/-,13 Nov 2009,-,-,06 Nov 2009,12 Nov 2009,-
532749,ALLCARGO,19 Nov 2009,Stock  Split From Rs.10/- to Rs.2/-,20 Nov 2009,-,-,13 Nov 2009,19 Nov 2009,-
531863,GKFIN,19 Nov 2009,Stock  Split From Rs.10/- to Rs.1/-,20 Nov 2009,-,-,13 Nov 2009,19 Nov 2009,-
517271,HBLPOWER,24 Nov 2009,Stock  Split From Rs.10/- to Rs.1/-,25 Nov 2009,-,-,18 Nov 2009,24 Nov 2009,-
517393,VINTRON,27 Nov 2009,Stock  Split From Rs.10/- to Rs.1/-,30 Nov 2009,-,-,23 Nov 2009,27 Nov 2009,-
523576,FLAWLESD,03 Dec 2009,Stock  Split From Rs.10/- to Rs.1/-,04 Dec 2009,-,-,27 Nov 2009,03 Dec 2009,-
517565,ASHCONIUL,08 Dec 2009,Stock  Split From Rs.10/- to Rs.1/-,-,10 Dec 2009,10 Dec 2009,03 Dec 2009,09 Dec 2009,-
511200,MUNCAPM,09 Dec 2009,Stock  Split From Rs.10/- to Rs.5/-,10 Dec 2009,-,-,03 Dec 2009,09 Dec 2009,-
509709,INTLCONV,10 Dec 2009,Stock  Split From Rs.10/- to Rs.1/-,11 Dec 2009,-,-,07 Dec 2009,10 Dec 2009,-
500378,JINDALSAW,10 Dec 2009,Stock  Split From Rs.10/- to Rs.2/-,11 Dec 2009,-,-,04 Dec 2009,10 Dec 2009,-
531882,KWALITY,10 Dec 2009,Stock  Split From Rs.10/- to Rs.1/-,11 Dec 2009,-,-,04 Dec 2009,10 Dec 2009,-
531739,GENNEX,14 Dec 2009,Stock  Split From Rs.10/- to Rs.1/-,15 Dec 2009,-,-,08 Dec 2009,14 Dec 2009,-
500380,JKLAKSHMI,17 Dec 2009,Stock  Split From Rs.10/- to Rs.5/-,18 Dec 2009,-,-,11 Dec 2009,17 Dec 2009,-
506184,KANANIIND,22 Dec 2009,Stock  Split From Rs.10/- to Rs.5/-,23 Dec 2009,-,-,16 Dec 2009,22 Dec 2009,-
533015,NUTEK,23 Dec 2009,Stock  Split From Rs.10/- to Rs.5/-,24 Dec 2009,-,-,17 Dec 2009,23 Dec 2009,-
532778,LITL,04 Jan 2010,Stock  Split From Rs.10/- to Rs.1/-,05 Jan 2010,-,-,24 Dec 2009,04 Jan 2010,-
531515,MAHANIN,15 Jan 2010,Stock  Split From Rs.10/- to Rs.1/-,18 Jan 2010,-,-,11 Jan 2010,15 Jan 2010,-
506146,VIVIDHA,21 Jan 2010,Stock  Split From Rs.10/- to Rs.1/-,22 Jan 2010,-,-,15 Jan 2010,21 Jan 2010,-
514348,WINSOME,21 Jan 2010,Stock  Split From Rs.10/- to Rs.1/-,22 Jan 2010,-,-,15 Jan 2010,21 Jan 2010,-
521030,NAKODA,22 Jan 2010,Stock  Split From Rs.10/- to Rs.5/-,25 Jan 2010,-,-,18 Jan 2010,22 Jan 2010,-
590094,FARMAXIND,27 Jan 2010,Stock  Split From Rs.10/- to Rs.5/-,28 Jan 2010,-,-,20 Jan 2010,27 Jan 2010,-
500031,BAJAJELEC,28 Jan 2010,Stock  Split From Rs.10/- to Rs.2/-,29 Jan 2010,-,-,21 Jan 2010,28 Jan 2010,-
532902,CCCL,10 Feb 2010,Stock  Split From Rs.10/- to Rs.2/-,11 Feb 2010,-,-,04 Feb 2010,10 Feb 2010,-
530813,KRBL,10 Feb 2010,Stock  Split From Rs.10/- to Rs.1/-,12 Feb 2010,-,-,05 Feb 2010,10 Feb 2010,-
502015,ASSOSTN-B,18 Feb 2010,Stock  Split From Rs.10/- to Rs.5/-,19 Feb 2010,-,-,11 Feb 2010,18 Feb 2010,-
532975,AISHWARYA,24 Feb 2010,Stock  Split From Rs.10/- to Rs.5/-,25 Feb 2010,-,-,18 Feb 2010,24 Feb 2010,-
515147,HALDYNGL,25 Feb 2010,Stock  Split From Rs.10/- to Rs.1/-,26 Feb 2010,-,-,19 Feb 2010,25 Feb 2010,-
524687,BASANTGL,26 Feb 2010,Stock  Split From Rs.10/- to Rs.1/-,02 Mar 2010,-,-,22 Feb 2010,26 Feb 2010,-
524378,UMPEI,26 Feb 2010,Stock  Split From Rs.10/- to Rs.1/-,02 Mar 2010,-,-,22 Feb 2010,26 Feb 2010,-
532374,STRTECH,09 Mar 2010,Stock  Split From Rs.5/- to Rs.2/-,10 Mar 2010,-,-,03 Mar 2010,09 Mar 2010,-
532320,VAARAD,09 Mar 2010,Stock  Split From Rs.10/- to Rs.2/-,10 Mar 2010,-,-,03 Mar 2010,09 Mar 2010,-
500204,INDSEC,11 Mar 2010,Stock  Split From Rs.10/- to Rs.1/-,13 Mar 2010,-,-,08 Mar 2010,11 Mar 2010,-
531249,WLPACKP,15 Mar 2010,Stock  Split From Rs.10/- to Rs.1/-,17 Mar 2010,-,-,10 Mar 2010,16 Mar 2010,-
519323,MURLIIND,18 Mar 2010,Stock  Split From Rs.10/- to Rs.2/-,19 Mar 2010,-,-,12 Mar 2010,18 Mar 2010,-
532509,SUPRAJIT,18 Mar 2010,Stock  Split From Rs.5/- to Rs.1/-,20 Mar 2010,-,-,12 Mar 2010,18 Mar 2010,-
524494,IPCALAB,22 Mar 2010,Stock  Split From Rs.10/- to Rs.2/-,23 Mar 2010,-,-,15 Mar 2010,22 Mar 2010,-
532673,KMSUGAR,26 Mar 2010,Stock  Split From Rs.10/- to Rs.2/-,29 Mar 2010,-,-,19 Mar 2010,26 Mar 2010,-
500520,M&M,29 Mar 2010,Stock  Split From Rs.10/- to Rs.5/-,30 Mar 2010,-,-,22 Mar 2010,29 Mar 2010,-
507998,SIMMOND,29 Mar 2010,Stock  Split From Rs.10/- to Rs.2/-,30 Mar 2010,-,-,22 Mar 2010,29 Mar 2010,-
532900,SEINV,05 Apr 2010,Stock  Split From Rs.10/- to Rs.2/-,06 Apr 2010,-,-,26 Mar 2010,05 Apr 2010,-
532746,UNITY,07 Apr 2010,Stock  Split From Rs.10/- to Rs.2/-,08 Apr 2010,-,-,30 Mar 2010,07 Apr 2010,-
521228,TATILAGLOB,22 Apr 2010,Stock  Split From Rs.10/- to Rs.1/-,23 Apr 2010,-,-,16 Apr 2010,22 Apr 2010,-
531213,MANAPPURAM,03 May 2010,Stock  Split From Rs.10/- to Rs.2/-,04 May 2010,-,-,27 Apr 2010,03 May 2010,-
511726,VIPUL,04 May 2010,Stock  Split From Rs.2/- to Rs.1/-,05 May 2010,-,-,28 Apr 2010,04 May 2010,-
532178,ENGINERSIN,06 May 2010,Stock  Split From Rs.10/- to Rs.5/-,07 May 2010,-,-,30 Apr 2010,06 May 2010,-
524109,KABRAEXTRU,17 May 2010,Stock  Split From Rs.10/- to Rs.5/-,18 May 2010,-,-,11 May 2010,17 May 2010,-
524370,BODALCHEM,10 Jun 2010,Stock  Split From Rs.10/- to Rs.2/-,11 Jun 2010,-,-,04 Jun 2010,10 Jun 2010,-
500900,STERLITEIND,21 Jun 2010,Stock  Split From Rs.2/- to Rs.1/-,22 Jun 2010,-,-,15 Jun 2010,21 Jun 2010,-
531977,CHLOGIST,23 Jun 2010,Stock  Split From Rs.10/- to Rs.1/-,24 Jun 2010,-,-,17 Jun 2010,23 Jun 2010,-
506109,GENESYS,23 Jun 2010,Stock  Split From Rs.10/- to Rs.5/-,24 Jun 2010,-,-,17 Jun 2010,23 Jun 2010,-
512229,VERITAS,28 Jun 2010,Stock  Split From Rs.10/- to Rs.1/-,29 Jun 2010,-,-,22 Jun 2010,28 Jun 2010,-
500800,TATATEA,30 Jun 2010,Stock  Split From Rs.10/- to Rs.1/-,02 Jul 2010,-,-,25 Jun 2010,01 Jul 2010,-
526753,ROSELABS,02 Jul 2010,Stock  Split From Rs.10/- to Rs.5/-,05 Jul 2010,-,-,25 Jun 2010,02 Jul 2010,-
532691,TULIP,06 Jul 2010,Stock  Split From Rs.10/- to Rs.2/-,07 Jul 2010,-,-,29 Jun 2010,06 Jul 2010,-
526560,ENGLISHIN,07 Jul 2010,Stock  Split From Rs.10/- to Rs.2/-,-,09 Jul 2010,09 Jul 2010,02 Jul 2010,08 Jul 2010,-
531162,EMAMILTD,21 Jul 2010,Stock  Split From Rs.2/- to Rs.1/-,-,23 Jul 2010,27 Jul 2010,16 Jul 2010,22 Jul 2010,-
513377,MMTC,29 Jul 2010,Stock  Split From Rs.10/- to Rs.1/-,30 Jul 2010,-,-,23 Jul 2010,29 Jul 2010,-
512048,SPLASHM,29 Jul 2010,Stock  Split From Rs.10/- to Rs.1/-,31 Jul 2010,-,-,26 Jul 2010,29 Jul 2010,-
532718,PRATIBHA,30 Jul 2010,Stock  Split From Rs.10/- to Rs.2/-,02 Aug 2010,-,-,26 Jul 2010,30 Jul 2010,-
590094,FARMAXIND,03 Aug 2010,Stock  Split From Rs.5/- to Rs.1/-,04 Aug 2010,-,-,28 Jul 2010,03 Aug 2010,-
532922,EDELWEISS,10 Aug 2010,Stock  Split From Rs.5/- to Rs.1/-,11 Aug 2010,-,-,04 Aug 2010,10 Aug 2010,-
523523,RAINBOWPAP,11 Aug 2010,Stock  Split From Rs.10/- to Rs.2/-,12 Aug 2010,-,-,05 Aug 2010,11 Aug 2010,-
531137,GEMSI,13 Aug 2010,Stock  Split From Rs.10/- to Rs.1/-,16 Aug 2010,-,-,09 Aug 2010,13 Aug 2010,-
509715,JAYSHREETEA,13 Aug 2010,Stock  Split From Rs.10/- to Rs.5/-,16 Aug 2010,-,-,09 Aug 2010,13 Aug 2010,-
524000,MAGMA,13 Aug 2010,Stock  Split From Rs.10/- to Rs.2/-,16 Aug 2010,-,-,09 Aug 2010,13 Aug 2010,-
500010,HDFC,18 Aug 2010,Stock  Split From Rs.10/- to Rs.2/-,20 Aug 2010,-,-,13 Aug 2010,19 Aug 2010,-
532805,REDINGTON,20 Aug 2010,Stock  Split From Rs.10/- to Rs.2/-,23 Aug 2010,-,-,13 Aug 2010,20 Aug 2010,-
500257,LUPIN$,27 Aug 2010,Stock  Split From Rs.10/- to Rs.2/-,30 Aug 2010,-,-,23 Aug 2010,27 Aug 2010,-
504741,INDIANHUME,30 Aug 2010,Stock  Split From Rs.10/- to Rs.2/-,31 Aug 2010,-,-,24 Aug 2010,30 Aug 2010,-
508869,APOLLOHOSP,02 Sep 2010,Stock  Split From Rs.10/- to Rs.5/-,03 Sep 2010,-,-,27 Aug 2010,02 Sep 2010,-
507717,DHANUKA,02 Sep 2010,Stock  Split From Rs.10/- to Rs.2/-,04 Sep 2010,-,-,30 Aug 2010,02 Sep 2010,-
590066,KCP,02 Sep 2010,Stock  Split From Rs.10/- to Rs.1/-,03 Sep 2010,-,-,27 Aug 2010,02 Sep 2010,-
531149,SRANGMARK,07 Sep 2010,Stock  Split From Rs.10/- to Rs.5/-,08 Sep 2010,-,-,01 Sep 2010,07 Sep 2010,-
500825,BRITANNIA,08 Sep 2010,Stock  Split From Rs.10/- to Rs.2/-,09 Sep 2010,-,-,02 Sep 2010,08 Sep 2010,-
522287,KALPATPOWR,08 Sep 2010,Stock  Split From Rs.10/- to Rs.2/-,09 Sep 2010,-,-,02 Sep 2010,08 Sep 2010,-
500247,KOTAKBANK,13 Sep 2010,Stock  Split From Rs.10/- to Rs.5/-,14 Sep 2010,-,-,06 Sep 2010,13 Sep 2010,-
532830,ASTRAL,15 Sep 2010,Stock  Split From Rs.10/- to Rs.5/-,16 Sep 2010,-,-,08 Sep 2010,15 Sep 2010,-
533017,RMMIL,15 Sep 2010,Stock  Split From Rs.10/- to Rs.1/-,-,17 Sep 2010,19 Sep 2010,09 Sep 2010,16 Sep 2010,-
500055,BHUSANSTL,21 Sep 2010,Stock  Split From Rs.10/- to Rs.2/-,-,23 Sep 2010,25 Sep 2010,16 Sep 2010,22 Sep 2010,-
532921,ADANIPORTS,23 Sep 2010,Stock  Split From Rs.10/- to Rs.2/-,24 Sep 2010,-,-,17 Sep 2010,23 Sep 2010,-
511605,ARIHCAPM,23 Sep 2010,Stock  Split From Rs.10/- to Rs.5/-,24 Sep 2010,-,-,17 Sep 2010,23 Sep 2010,-
531731,KUVAM,23 Sep 2010,Stock  Split From Rs.10/- to Rs.1/-,24 Sep 2010,-,-,17 Sep 2010,23 Sep 2010,-
514450,MHLXMIRU,23 Sep 2010,Stock  Split From Rs.10/- to Rs.1/-,-,27 Sep 2010,29 Sep 2010,20 Sep 2010,24 Sep 2010,-
532218,SOUTHBANK,23 Sep 2010,Stock  Split From Rs.10/- to Rs.1/-,24 Sep 2010,-,-,17 Sep 2010,23 Sep 2010,-
530393,DBSTOCKBRO,24 Sep 2010,Stock  Split From Rs.10/- to Rs.2/-,27 Sep 2010,-,-,20 Sep 2010,24 Sep 2010,-
512105,SHRENTH,24 Sep 2010,Stock  Split From Rs.10/- to Rs.1/-,27 Sep 2010,-,-,20 Sep 2010,24 Sep 2010,-
532789,NCOPPER,27 Sep 2010,Stock  Split From Rs.10/- to Rs.1/-,28 Sep 2010,-,-,21 Sep 2010,27 Sep 2010,-
531814,TIRSARJ,28 Sep 2010,Stock  Split From Rs.10/- to Rs.5/-,29 Sep 2010,-,-,22 Sep 2010,27 Sep 2010,-
532719,BLKASHYAP,29 Sep 2010,Stock  Split From Rs.5/- to Rs.1/-,01 Oct 2010,-,-,24 Sep 2010,30 Sep 2010,-
533159,AQUA,01 Oct 2010,Stock  Split From Rs.10/- to Rs.1/-,04 Oct 2010,-,-,24 Sep 2010,01 Oct 2010,-
531447,ROCKONFIN,06 Oct 2010,Stock  Split From Rs.10/- to Rs.5/-,07 Oct 2010,-,-,29 Sep 2010,06 Oct 2010,-
508860,DIAMANT,07 Oct 2010,Stock  Split From Rs.10/- to Rs.2/-,09 Oct 2010,-,-,04 Oct 2010,07 Oct 2010,-
505509,RESPONIND,08 Oct 2010,Stock  Split From Rs.10/- to Rs.1/-,11 Oct 2010,-,-,04 Oct 2010,08 Oct 2010,-
522281,RAMRAT,14 Oct 2010,Stock  Split From Rs.10/- to Rs.5/-,16 Oct 2010,-,-,11 Oct 2010,14 Oct 2010,-
532780,PARSVNATH,18 Oct 2010,Stock  Split From Rs.10/- to Rs.5/-,19 Oct 2010,-,-,12 Oct 2010,18 Oct 2010,-
509930,SUPREMEIND,18 Oct 2010,Stock  Split From Rs.10/- to Rs.2/-,19 Oct 2010,-,-,12 Oct 2010,18 Oct 2010,-
532993,SEZAL,21 Oct 2010,Stock  Split From Rs.10/- to Rs.1/-,22 Oct 2010,-,-,15 Oct 2010,21 Oct 2010,-
506690,UNICHEMLAB,21 Oct 2010,Stock  Split From Rs.5/- to Rs.2/-,22 Oct 2010,-,-,15 Oct 2010,21 Oct 2010,-
530343,GENUSPOWER,22 Oct 2010,Stock  Split From Rs.10/- to Rs.1/-,25 Oct 2010,-,-,18 Oct 2010,22 Oct 2010,-
502742,SINTEX,27 Oct 2010,Stock  Split From Rs.2/- to Rs.1/-,28 Oct 2010,-,-,21 Oct 2010,27 Oct 2010,-
530945,GISL,29 Oct 2010,Stock  Split From Rs.10/- to Rs.5/-,01 Nov 2010,-,-,25 Oct 2010,29 Oct 2010,-
500219,JISLJALEQS,29 Oct 2010,Stock  Split From Rs.10/- to Rs.2/-,01 Nov 2010,-,-,25 Oct 2010,29 Oct 2010,-
532748,PFOCUS,29 Oct 2010,Stock  Split From Rs.10/- to Rs.1/-,01 Nov 2010,-,-,25 Oct 2010,29 Oct 2010,-
532900,SEINV,29 Oct 2010,Stock  Split From Rs.2/- to Rs.1/-,01 Nov 2010,-,-,25 Oct 2010,29 Oct 2010,-
532212,ARCHIES,02 Nov 2010,Stock  Split From Rs.10/- to Rs.2/-,03 Nov 2010,-,-,27 Oct 2010,02 Nov 2010,-
511682,IFLPROMOT,03 Nov 2010,Stock  Split From Rs.10/- to Rs.5/-,05 Nov 2010,-,-,29 Oct 2010,03 Nov 2010,-
532854,NITINFIRE,04 Nov 2010,Stock  Split From Rs.10/- to Rs.2/-,08 Nov 2010,-,-,29 Oct 2010,05 Nov 2010,-
523842,SUPERTAN,04 Nov 2010,Stock  Split From Rs.2/- to Rs.1/-,08 Nov 2010,-,-,29 Oct 2010,05 Nov 2010,-
532759,ATLANTA,08 Nov 2010,Stock  Split From Rs.10/- to Rs.2/-,09 Nov 2010,-,-,01 Nov 2010,08 Nov 2010,-
530263,GLOBALCA,08 Nov 2010,Stock  Split From Rs.10/- to Rs.1/-,09 Nov 2010,-,-,01 Nov 2010,08 Nov 2010,-
500184,HCIL,08 Nov 2010,Stock  Split From Rs.10/- to Rs.1/-,09 Nov 2010,-,-,01 Nov 2010,08 Nov 2010,-
519248,JVLAGRO,09 Nov 2010,Stock  Split From Rs.10/- to Rs.1/-,10 Nov 2010,-,-,03 Nov 2010,09 Nov 2010,-
500314,ORIENTHOT,10 Nov 2010,Stock  Split From Rs.10/- to Rs.1/-,11 Nov 2010,-,-,03 Nov 2010,10 Nov 2010,-
531548,SOMANYCERA,11 Nov 2010,Stock  Split From Rs.10/- to Rs.2/-,12 Nov 2010,-,-,04 Nov 2010,11 Nov 2010,-
532991,MVL,16 Nov 2010,Stock  Split From Rs.2/- to Rs.1/-,18 Nov 2010,-,-,10 Nov 2010,16 Nov 2010,-
530999,BALAMINES,18 Nov 2010,Stock  Split From Rs.10/- to Rs.2/-,19 Nov 2010,-,-,11 Nov 2010,18 Nov 2010,-
501455,GREAVESCOT,24 Nov 2010,Stock  Split From Rs.10/- to Rs.2/-,25 Nov 2010,-,-,18 Nov 2010,24 Nov 2010,-
524715,SUNPHARMA,25 Nov 2010,Stock  Split From Rs.5/- to Rs.1/-,26 Nov 2010,-,-,19 Nov 2010,25 Nov 2010,-
532710,SADBHAV,07 Dec 2010,Stock  Split From Rs.10/- to Rs.1/-,08 Dec 2010,-,-,01 Dec 2010,07 Dec 2010,-
530901,ACIL,09 Dec 2010,Stock  Split From Rs.5/- to Rs.1/-,10 Dec 2010,-,-,03 Dec 2010,09 Dec 2010,-
531703,TRIBHSG,13 Dec 2010,Stock  Split From Rs.5/- to Rs.1/-,14 Dec 2010,-,-,07 Dec 2010,13 Dec 2010,-
502355,BALKRISIND,20 Dec 2010,Stock  Split From Rs.10/- to Rs.2/-,21 Dec 2010,-,-,13 Dec 2010,20 Dec 2010,-
506395,COROMANDEL,23 Dec 2010,Stock  Split From Rs.2/- to Rs.1/-,24 Dec 2010,-,-,16 Dec 2010,23 Dec 2010,-
500125,EIDPARRY,23 Dec 2010,Stock  Split From Rs.2/- to Rs.1/-,24 Dec 2010,-,-,16 Dec 2010,23 Dec 2010,-
532516,SURYAPHARM,23 Dec 2010,Stock  Split From Rs.10/- to Rs.1/-,24 Dec 2010,-,-,16 Dec 2010,23 Dec 2010,-
531595,MONEYMATF,24 Dec 2010,Stock  Split From Rs.10/- to Rs.5/-,27 Dec 2010,-,-,-,-,-
512449,SVCRES,29 Dec 2010,Stock  Split From Rs.2/- to Rs.1/-,30 Dec 2010,-,-,23 Dec 2010,29 Dec 2010,-
532714,KEC,30 Dec 2010,Stock  Split From Rs.10/- to Rs.2/-,31 Dec 2010,-,-,24 Dec 2010,30 Dec 2010,-
500253,LICHSGFIN,30 Dec 2010,Stock  Split From Rs.10/- to Rs.2/-,31 Dec 2010,-,-,24 Dec 2010,30 Dec 2010,-
505530,PRISMINFO,06 Jan 2011,Stock  Split From Rs.10/- to Rs.1/-,07 Jan 2011,-,-,31 Dec 2010,06 Jan 2011,-
532887,SUJANATWR,10 Jan 2011,Stock  Split From Rs.5/- to Rs.1/-,11 Jan 2011,-,-,04 Jan 2011,10 Jan 2011,-
532638,SHOPERSTOP,12 Jan 2011,Stock  Split From Rs.10/- to Rs.5/-,13 Jan 2011,-,-,06 Jan 2011,12 Jan 2011,-
533168,ROSSELLIND,20 Jan 2011,Stock  Split From Rs.10/- to Rs.2/-,21 Jan 2011,-,-,14 Jan 2011,20 Jan 2011,-
526241,AMRAPLIN,27 Jan 2011,Stock  Split From Rs.10/- to Rs.5/-,28 Jan 2011,-,-,20 Jan 2011,27 Jan 2011,-
523537,APMIN,27 Jan 2011,Stock  Split From Rs.10/- to Rs.2/-,28 Jan 2011,-,-,20 Jan 2011,27 Jan 2011,-
530885,AURUMSOFT,03 Feb 2011,Stock  Split From Rs.10/- to Rs.2/-,04 Feb 2011,-,-,28 Jan 2011,03 Feb 2011,-
500312,ONGC,08 Feb 2011,Stock  Split From Rs.10/- to Rs.5/-,09 Feb 2011,-,-,02 Feb 2011,08 Feb 2011,-
524804,AUROPHARMA,10 Feb 2011,Stock  Split From Rs.5/- to Rs.1/-,11 Feb 2011,-,-,04 Feb 2011,10 Feb 2011,-
532672,GLODYNE,10 Feb 2011,Stock  Split From Rs.10/- to Rs.6/-,11 Feb 2011,-,-,04 Feb 2011,10 Feb 2011,-
526523,JAYENGY,14 Feb 2011,Stock  Split From Rs.10/- to Rs.2/-,15 Feb 2011,-,-,08 Feb 2011,11 Feb 2011,-
531025,INCAFIN,21 Feb 2011,Stock  Split From Rs.10/- to Rs.2/-,22 Feb 2011,-,-,14 Feb 2011,21 Feb 2011,-
531601,GUJCV,23 Feb 2011,Stock  Split From Rs.10/- to Rs.5/-,24 Feb 2011,-,-,17 Feb 2011,23 Feb 2011,-
526721,NICCOPAR,24 Feb 2011,Stock  Split From Rs.10/- to Rs.1/-,25 Feb 2011,-,-,18 Feb 2011,24 Feb 2011,-
500188,HINDZINC,07 Mar 2011,Stock  Split From Rs.10/- to Rs.2/-,08 Mar 2011,-,-,28 Feb 2011,07 Mar 2011,-
532234,NATIONALUM,15 Mar 2011,Stock  Split From Rs.10/- to Rs.5/-,16 Mar 2011,-,-,09 Mar 2011,15 Mar 2011,-
530337,EXELON,24 Mar 2011,Stock  Split From Rs.10/- to Rs.5/-,25 Mar 2011,-,-,18 Mar 2011,24 Mar 2011,-
530431,ADORFO,28 Mar 2011,Stock  Split From Rs.10/- to Rs.2/-,29 Mar 2011,-,-,22 Mar 2011,28 Mar 2011,-
531270,DAZZEL,31 Mar 2011,Stock  Split From Rs.10/- to Rs.1/-,05 Apr 2011,-,-,28 Mar 2011,01 Apr 2011,-
531465,NOUVEAU,07 Apr 2011,Stock  Split From Rs.10/- to Rs.1/-,08 Apr 2011,-,-,30 Mar 2011,07 Apr 2011,-
531411,TUNITEX,07 Apr 2011,Stock  Split From Rs.10/- to Rs.1/-,08 Apr 2011,-,-,30 Mar 2011,07 Apr 2011,-
531733,BAFNASP,13 Apr 2011,Stock  Split From Rs.5/- to Rs.1/-,15 Apr 2011,-,-,06 Apr 2011,13 Apr 2011,-
506134,INTELLCAP,27 Apr 2011,Stock  Split From Rs.10/- to Rs.1/-,28 Apr 2011,-,-,20 Apr 2011,27 Apr 2011,-
533229,BAJAJCORP,05 May 2011,Stock  Split From Rs.5/- to Rs.1/-,06 May 2011,-,-,29 Apr 2011,05 May 2011,-
512465,SANPOLY,16 May 2011,Stock  Split From Rs.10/- to Rs.2/-,18 May 2011,-,-,11 May 2011,17 May 2011,-
531865,VOLTM,01 Jun 2011,Stock  Split From Rs.10/- to Rs.1/-,02 Jun 2011,-,-,26 May 2011,01 Jun 2011,-
522235,MINALIND,02 Jun 2011,Stock  Split From Rs.10/- to Rs.2/-,03 Jun 2011,-,-,27 May 2011,02 Jun 2011,-
522292,CHANDNI,06 Jun 2011,Stock  Split From Rs.10/- to Rs.1/-,07 Jun 2011,-,-,31 May 2011,06 Jun 2011,-
514446,LSIND,14 Jun 2011,Stock  Split From Rs.10/- to Rs.1/-,15 Jun 2011,-,-,08 Jun 2011,14 Jun 2011,-
500339,RAIN,15 Jun 2011,Stock  Split From Rs.10/- to Rs.2/-,16 Jun 2011,-,-,09 Jun 2011,15 Jun 2011,-
522029,WINDMACHIN,16 Jun 2011,Stock  Split From Rs.4/- to Rs.2/-,17 Jun 2011,-,-,10 Jun 2011,16 Jun 2011,-
533144,COX&KINGS,21 Jun 2011,Stock  Split From Rs.10/- to Rs.5/-,22 Jun 2011,-,-,15 Jun 2011,21 Jun 2011,-
531522,RASOYPR,21 Jun 2011,Stock  Split From Rs.10/- to Rs.5/-,22 Jun 2011,-,-,15 Jun 2011,21 Jun 2011,-
500114,TITAN,23 Jun 2011,Stock  Split From Rs.10/- to Rs.1/-,24 Jun 2011,-,-,17 Jun 2011,23 Jun 2011,-
531134,LEWATERIN,04 Jul 2011,Stock  Split From Rs.10/- to Rs.1/-,05 Jul 2011,-,-,27 Jun 2011,04 Jul 2011,-
500180,HDFCBANK,14 Jul 2011,Stock  Split From Rs.10/- to Rs.2/-,16 Jul 2011,-,-,11 Jul 2011,14 Jul 2011,-
513121,ORICON,14 Jul 2011,Stock  Split From Rs.10/- to Rs.2/-,15 Jul 2011,-,-,08 Jul 2011,14 Jul 2011,-
500355,RALLIS,15 Jul 2011,Stock  Split From Rs.10/- to Rs.1/-,18 Jul 2011,-,-,11 Jul 2011,15 Jul 2011,-
531601,GUJCV,05 Aug 2011,Stock  Split From Rs.5/- to Rs.1/-,08 Aug 2011,-,-,01 Aug 2011,05 Aug 2011,-
505710,GRAUWEIL,11 Aug 2011,Stock  Split From Rs.10/- to Rs.1/-,12 Aug 2011,-,-,05 Aug 2011,11 Aug 2011,-
533269,WABAG,16 Aug 2011,Stock  Split From Rs.5/- to Rs.2/-,17 Aug 2011,-,-,09 Aug 2011,16 Aug 2011,-
531900,CCLINTER,17 Aug 2011,Stock  Split From Rs.10/- to Rs.2/-,19 Aug 2011,-,-,11 Aug 2011,17 Aug 2011,-
523642,PIIND,17 Aug 2011,Stock  Split From Rs.10/- to Rs.5/-,19 Aug 2011,-,-,11 Aug 2011,17 Aug 2011,-
531447,ROCKONFIN,25 Aug 2011,Stock  Split From Rs.5/- to Rs.1/-,26 Aug 2011,-,-,18 Aug 2011,25 Aug 2011,-
501370,WALCHCAP,30 Aug 2011,Stock  Split From Rs.100/- to Rs.10/-,02 Sep 2011,-,-,24 Aug 2011,30 Aug 2011,-
532864,NELCAST,06 Sep 2011,Stock  Split From Rs.10/- to Rs.2/-,07 Sep 2011,-,-,29 Aug 2011,06 Sep 2011,-
532320,VAARAD,09 Sep 2011,Stock  Split From Rs.2/- to Rs.1/-,12 Sep 2011,-,-,05 Sep 2011,09 Sep 2011,-
509053,BANASFN,12 Sep 2011,Stock  Split From Rs.10/- to Rs.1/-,13 Sep 2011,-,-,06 Sep 2011,12 Sep 2011,-
500570,TATAMOTORS,12 Sep 2011,Stock  Split From Rs.10/- to Rs.2/-,13 Sep 2011,-,-,06 Sep 2011,12 Sep 2011,-
570001,TATAMTRDVR,12 Sep 2011,Stock  Split From Rs.10/- to Rs.2/-,13 Sep 2011,-,-,06 Sep 2011,12 Sep 2011,-
503663,TILAKFIN,13 Sep 2011,Stock  Split From Rs.10/- to Rs.1/-,14 Sep 2011,-,-,07 Sep 2011,13 Sep 2011,-
507794,KHAICHEM,14 Sep 2011,Stock  Split From Rs.10/- to Rs.1/-,15 Sep 2011,-,-,08 Sep 2011,14 Sep 2011,-
500400,TATAPOWER,26 Sep 2011,Stock  Split From Rs.10/- to Rs.1/-,27 Sep 2011,-,-,20 Sep 2011,26 Sep 2011,-
500092,CRISIL,28 Sep 2011,Stock  Split From Rs.10/- to Rs.1/-,30 Sep 2011,-,-,23 Sep 2011,28 Sep 2011,-
500103,BHEL,03 Oct 2011,Stock  Split From Rs.10/- to Rs.2/-,04 Oct 2011,-,-,26 Sep 2011,03 Oct 2011,-
531531,HATSUN,03 Oct 2011,Stock  Split From Rs.2/- to Rs.1/-,04 Oct 2011,-,-,26 Sep 2011,03 Oct 2011,-
513375,CARBORUNIV,05 Oct 2011,Stock  Split From Rs.2/- to Rs.1/-,07 Oct 2011,-,-,28 Sep 2011,05 Oct 2011,-
531950,VERTEX,17 Oct 2011,Stock  Split From Rs.10/- to Rs.2/-,18 Oct 2011,-,-,11 Oct 2011,17 Oct 2011,-
508664,BESTEAST,20 Oct 2011,Stock  Split From Rs.10/- to Rs.2/-,21 Oct 2011,-,-,14 Oct 2011,20 Oct 2011,-
508939,BLCISER,21 Oct 2011,Stock  Split From Rs.10/- to Rs.1/-,24 Oct 2011,-,-,17 Oct 2011,21 Oct 2011,-
523840,INNOVTEC,28 Oct 2011,Stock  Split From Rs.10/- to Rs.1/-,31 Oct 2011,-,-,20 Oct 2011,28 Oct 2011,-
507880,VIPIND,31 Oct 2011,Stock  Split From Rs.10/- to Rs.2/-,01 Nov 2011,-,-,21 Oct 2011,31 Oct 2011,-
532990,METKORE,03 Nov 2011,Stock  Split From Rs.10/- to Rs.2/-,04 Nov 2011,-,-,28 Oct 2011,03 Nov 2011,-
526538,MAXIMAA,04 Nov 2011,Stock  Split From Rs.10/- to Rs.2/-,08 Nov 2011,-,-,31 Oct 2011,04 Nov 2011,-
524232,MAHAPOL,14 Nov 2011,Stock  Split From Rs.10/- to Rs.1/-,15 Nov 2011,-,-,04 Nov 2011,14 Nov 2011,-
531055,GFLFIN,29 Nov 2011,Stock  Split From Rs.10/- to Rs.5/-,30 Nov 2011,-,-,23 Nov 2011,29 Nov 2011,-
512465,SANPOLY,01 Dec 2011,Stock  Split From Rs.2/- to Rs.1/-,02 Dec 2011,-,-,25 Nov 2011,01 Dec 2011,-
531996,ODYCORP,23 Dec 2011,Stock  Split From Rs.10/- to Rs.5/-,26 Dec 2011,-,-,19 Dec 2011,23 Dec 2011,-
520059,MUNJALAU,29 Dec 2011,Stock  Split From Rs.10/- to Rs.2/-,30 Dec 2011,-,-,23 Dec 2011,29 Dec 2011,-
530971,NIMBUSI,27 Jan 2012,Stock  Split From Rs.10/- to Rs.5/-,30 Jan 2012,-,-,23 Jan 2012,27 Jan 2012,-
509051,INDINFO,02 Feb 2012,Stock  Split From Rs.10/- to Rs.1/-,03 Feb 2012,-,-,27 Jan 2012,02 Feb 2012,-
532834,CAMLNFINE,15 Feb 2012,Stock  Split From Rs.10/- to Rs.2/-,17 Feb 2012,-,-,10 Feb 2012,16 Feb 2012,-
517385,SYMPHONY,15 Feb 2012,Stock  Split From Rs.10/- to Rs.2/-,17 Feb 2012,-,-,10 Feb 2012,16 Feb 2012,-
531502,ESARIND,21 Feb 2012,Stock  Split From Rs.10/- to Rs.1/-,22 Feb 2012,-,-,14 Feb 2012,21 Feb 2012,-
523648,PLASTIBLEN,29 Feb 2012,Stock  Split From Rs.10/- to Rs.5/-,01 Mar 2012,-,-,23 Feb 2012,29 Feb 2012,-
506016,JRIIIL,21 Mar 2012,Stock  Split From Rs.10/- to Rs.2/-,23 Mar 2012,-,-,16 Mar 2012,21 Mar 2012,-
511431,VAKRANG,12 Apr 2012,Stock  Split From Rs.10/- to Rs.1/-,13 Apr 2012,-,-,04 Apr 2012,12 Apr 2012,-
501700,INDIANVSH,18 Apr 2012,Stock  Split From Rs.10/- to Rs.1/-,19 Apr 2012,-,-,12 Apr 2012,18 Apr 2012,-
530579,GOLDENGOEN,03 May 2012,Stock  Split From Rs.10/- to Rs.5/-,04 May 2012,-,-,26 Apr 2012,03 May 2012,-
532612,INDOCO,17 May 2012,Stock  Split From Rs.10/- to Rs.2/-,19 May 2012,-,-,14 May 2012,17 May 2012,-
533282,GRAVITA,25 May 2012,Stock  Split From Rs.10/- to Rs.2/-,28 May 2012,-,-,21 May 2012,25 May 2012,-
531570,Â BLAZONMRB,04 Jun 2012,Stock  Split From Rs.10/- to Rs.2/-,05 Jun 2012,-,-,29 May 2012,04 Jun 2012,-
503675,WAGEND,06 Jun 2012,Stock  Split From Rs.10/- to Rs.2/-,07 Jun 2012,-,-,31 May 2012,06 Jun 2012,-
519105,AVTNPL,07 Jun 2012,Stock  Split From Rs.10/- to Rs.1/-,08 Jun 2012,-,-,01 Jun 2012,07 Jun 2012,-
531720,ALPGRAPH,13 Jun 2012,Stock  Split From Rs.10/- to Rs.5/-,14 Jun 2012,-,-,07 Jun 2012,13 Jun 2012,-
526067,KCCLPLASTC,18 Jun 2012,Stock  Split From Rs.10/- to Rs.2/-,19 Jun 2012,-,-,12 Jun 2012,18 Jun 2012,-
532883,ZYLOG,29 Jun 2012,Stock  Split From Rs.10/- to Rs.5/-,03 Jul 2012,-,-,26 Jun 2012,02 Jul 2012,-
511288,GRUH,24 Jul 2012,Stock  Split From Rs.10/- to Rs.2/-,25 Jul 2012,-,-,18 Jul 2012,24 Jul 2012,-
513517,STEELCAS,25 Jul 2012,Stock  Split From Rs.10/- to Rs.5/-,26 Jul 2012,-,-,19 Jul 2012,25 Jul 2012,-
532090,TRNKNIT,02 Aug 2012,Stock  Split From Rs.10/- to Rs.1/-,03 Aug 2012,-,-,27 Jul 2012,02 Aug 2012,-
532331,AJANTPHARM,09 Aug 2012,Stock  Split From Rs.10/- to Rs.5/-,10 Aug 2012,-,-,03 Aug 2012,09 Aug 2012,-
532034,SAFALHBS,09 Aug 2012,Stock  Split From Rs.10/- to Rs.1/-,10 Aug 2012,-,-,03 Aug 2012,09 Aug 2012,-
532893,VTMLTD,16 Aug 2012,Stock  Split From Rs.10/- to Rs.1/-,17 Aug 2012,-,-,09 Aug 2012,16 Aug 2012,-
531578,KMFBLDR,17 Aug 2012,Stock  Split From Rs.10/- to Rs.5/-,21 Aug 2012,-,-,10 Aug 2012,17 Aug 2012,-
500690,GSFC,20 Sep 2012,Stock  Split From Rs.10/- to Rs.2/-,22 Sep 2012,-,-,14 Sep 2012,20 Sep 2012,-
500008,AMARAJABAT,25 Sep 2012,Stock  Split From Rs.2/- to Rs.1/-,26 Sep 2012,-,-,18 Sep 2012,25 Sep 2012,-
511636,DJSSS,23 Oct 2012,Stock  Split From Rs.10/- to Rs.1/-,26 Oct 2012,-,-,18 Oct 2012,23 Oct 2012,-
590006,AMRUTANJAN,25 Oct 2012,Stock  Split From Rs.10/- to Rs.2/-,29 Oct 2012,-,-,19 Oct 2012,26 Oct 2012,-
501945,DHENUBUILD,25 Oct 2012,Stock  Split From Rs.10/- to Rs.1/-,29 Oct 2012,-,-,19 Oct 2012,26 Oct 2012,-
533189,GOENKA,25 Oct 2012,Stock  Split From Rs.10/- to Rs.1/-,29 Oct 2012,-,-,19 Oct 2012,26 Oct 2012,-
590086,ORISSAMINE,29 Oct 2012,Stock  Split From Rs.10/- to Rs.1/-,30 Oct 2012,-,-,19 Oct 2012,29 Oct 2012,-
500020,BOMDYEING,30 Oct 2012,Stock  Split From Rs.10/- to Rs.2/-,31 Oct 2012,-,-,22 Oct 2012,30 Oct 2012,-
513502,BAROEXT,31 Oct 2012,Stock  Split From Rs.10/- to Rs.1/-,01 Nov 2012,-,-,23 Oct 2012,31 Oct 2012,-
506184,KANANIIND,01 Nov 2012,Stock  Split From Rs.5/- to Rs.1/-,02 Nov 2012,-,-,25 Oct 2012,01 Nov 2012,-
524642,SIKOZY,01 Nov 2012,Stock  Split From Rs.10/- to Rs.1/-,02 Nov 2012,-,-,25 Oct 2012,01 Nov 2012,-
531838,SMSTECH,01 Nov 2012,Stock  Split From Rs.10/- to Rs.1/-,04 Nov 2012,-,-,29 Oct 2012,01 Nov 2012,-
519273,UNOINDL,01 Nov 2012,Stock  Split From Rs.10/- to Rs.1/-,02 Nov 2012,-,-,25 Oct 2012,01 Nov 2012,-
501425,BBTC,08 Nov 2012,Stock  Split From Rs.10/- to Rs.2/-,09 Nov 2012,-,-,02 Nov 2012,07 Nov 2012,-
524709,NAGAAGRI,22 Nov 2012,Stock  Split From Rs.10/- to Rs.1/-,23 Nov 2012,-,-,16 Nov 2012,22 Nov 2012,-
503169,RUBYMILLS,22 Nov 2012,Stock  Split From Rs.10/- to Rs.5/-,23 Nov 2012,-,-,16 Nov 2012,22 Nov 2012,-
509874,SHALPAINTS,22 Nov 2012,Stock  Split From Rs.10/- to Rs.2/-,23 Nov 2012,-,-,16 Nov 2012,22 Nov 2012,-
511433,INSTAF,06 Dec 2012,Stock  Split From Rs.10/- to Rs.5/-,07 Dec 2012,-,-,30 Nov 2012,06 Dec 2012,-
526598,GUJNFLY,07 Dec 2012,Stock  Split From Rs.10/- to Rs.5/-,10 Dec 2012,-,-,03 Dec 2012,07 Dec 2012,-
530763,SUNBRIGHT,07 Dec 2012,Stock  Split From Rs.10/- to Rs.5/-,10 Dec 2012,-,-,03 Dec 2012,07 Dec 2012,-
531463,GBLINFRA,13 Dec 2012,Stock  Split From Rs.10/- to Rs.1/-,14 Dec 2012,-,-,07 Dec 2012,13 Dec 2012,-
533605,PRAKASHCON,13 Dec 2012,Stock  Split From Rs.10/- to Rs.1/-,14 Dec 2012,-,-,07 Dec 2012,13 Dec 2012,-
533644,UJAAS,21 Dec 2012,Stock  Split From Rs.10/- to Rs.1/-,24 Dec 2012,-,-,17 Dec 2012,21 Dec 2012,-
512355,ZANUKCOM,27 Dec 2012,Stock  Split From Rs.10/- to Rs.1/-,28 Dec 2012,-,-,20 Dec 2012,27 Dec 2012,-
532411,VISESHINFO,03 Jan 2013,Stock  Split From Rs.10/- to Rs.1/-,04 Jan 2013,-,-,28 Dec 2012,03 Jan 2013,-
513305,MORYOIND,14 Jan 2013,Stock  Split From Rs.10/- to Rs.5/-,15 Jan 2013,-,-,08 Jan 2013,14 Jan 2013,-
517356,ACIIN,23 Jan 2013,Stock  Split From Rs.10/- to Rs.1/-,25 Jan 2013,-,-,18 Jan 2013,23 Jan 2013,-
533022,20MICRONS,28 Jan 2013,Stock  Split From Rs.10/- to Rs.5/-,29 Jan 2013,-,-,21 Jan 2013,28 Jan 2013,-
530561,RADGLOBAL,29 Jan 2013,Stock  Split From Rs.10/- to Rs.2/-,30 Jan 2013,-,-,22 Jan 2013,29 Jan 2013,-
521167,FRONTBUSS,31 Jan 2013,Stock  Split From Rs.10/- to Rs.5/-,01 Feb 2013,-,-,24 Jan 2013,31 Jan 2013,-
508969,SULABEN,04 Feb 2013,Stock  Split From Rs.10/- to Rs.1/-,05 Feb 2013,-,-,29 Jan 2013,04 Feb 2013,-
534060,PMCFIN,07 Feb 2013,Stock  Split From Rs.10/- to Rs.5/-,08 Feb 2013,-,-,01 Feb 2013,07 Feb 2013,-
532720,M&MFIN,15 Feb 2013,Stock  Split From Rs.10/- to Rs.2/-,18 Feb 2013,-,-,11 Feb 2013,14 Feb 2013,-
534567,VKSPL,27 Feb 2013,Stock  Split From Rs.10/- to Rs.1/-,28 Feb 2013,-,-,21 Feb 2013,27 Feb 2013,-
530699,RAJRAYON,04 Mar 2013,Stock  Split From Rs.10/- to Rs.1/-,05 Mar 2013,-,-,26 Feb 2013,04 Mar 2013,-
505513,SHRSHATEX,06 Mar 2013,Stock  Split From Rs.10/- to Rs.2/-,07 Mar 2013,-,-,28 Feb 2013,06 Mar 2013,-
531055,GFLFIN,18 Mar 2013,Stock  Split From Rs.5/- to Rs.2/-,19 Mar 2013,-,-,12 Mar 2013,18 Mar 2013,-
531522,RASOYPR,21 Mar 2013,Stock  Split From Rs.5/- to Rs.1/-,22 Mar 2013,-,-,15 Mar 2013,21 Mar 2013,-
533321,BILENERGY,26 Mar 2013,Stock  Split From Rs.10/- to Rs.1/-,28 Mar 2013,-,-,20 Mar 2013,25 Mar 2013,-
533301,SPYL,10 Apr 2013,Stock  Split From Rs.10/- to Rs.1/-,12 Apr 2013,-,-,05 Apr 2013,11 Apr 2013,-
512311,SURCHIN,10 Apr 2013,Stock  Split From Rs.10/- to Rs.1/-,12 Apr 2013,-,-,05 Apr 2013,11 Apr 2013,-
523642,PIIND,12 Apr 2013,Stock  Split From Rs.5/- to Rs.1/-,15 Apr 2013,-,-,05 Apr 2013,12 Apr 2013,-
531448,SAFALSEC,23 Apr 2013,Stock  Split From Rs.10/- to Rs.5/-,25 Apr 2013,-,-,17 Apr 2013,23 Apr 2013,-
531695,JAGPRO,26 Apr 2013,Stock  Split From Rs.10/- to Rs.5/-,29 Apr 2013,-,-,18 Apr 2013,26 Apr 2013,-
511421,FOURKANIM,17 May 2013,Stock  Split From Rs.10/- to Rs.1/-,20 May 2013,-,-,13 May 2013,17 May 2013,-
531664,MAHAV,17 May 2013,Stock  Split From Rs.10/- to Rs.5/-,20 May 2013,-,-,15 May 2013,17 May 2013,-
508922,MSRINDIA,31 May 2013,Stock  Split From Rs.10/- to Rs.5/-,03 Jun 2013,-,-,27 May 2013,31 May 2013,-
508982,LINKSONI,06 Jun 2013,Stock  Split From Rs.10/- to Rs.5/-,07 Jun 2013,-,-,31 May 2013,06 Jun 2013,-
531597,MIDPOLY,10 Jun 2013,Stock  Split From Rs.10/- to Rs.1/-,11 Jun 2013,-,-,04 Jun 2013,10 Jun 2013,-
505533,WESTLIFE,12 Jun 2013,Stock  Split From Rs.10/- to Rs.2/-,13 Jun 2013,-,-,06 Jun 2013,12 Jun 2013,-
533271,ASHOKA,03 Jul 2013,Stock  Split From Rs.10/- to Rs.5/-,04 Jul 2013,-,-,27 Jun 2013,03 Jul 2013,-
501150,CENTRUM,03 Jul 2013,Stock  Split From Rs.10/- to Rs.1/-,04 Jul 2013,-,-,26 Jun 2013,03 Jul 2013,-
532840,ADVANTA,05 Jul 2013,Stock  Split From Rs.10/- to Rs.2/-,08 Jul 2013,-,-,28 Jun 2013,05 Jul 2013,-
511682,IFLPROMOT,11 Jul 2013,Stock  Split From Rs.5/- to Rs.1/-,12 Jul 2013,-,-,05 Jul 2013,11 Jul 2013,-
512113,KELVINFIN,24 Jul 2013,Stock  Split From Rs.10/- to Rs.5/-,25 Jul 2013,-,-,18 Jul 2013,24 Jul 2013,-
500820,ASIANPAINT,30 Jul 2013,Stock  Split From Rs.10/- to Rs.1/-,31 Jul 2013,-,-,24 Jul 2013,30 Jul 2013,-
523694,APCOTEXIND,14 Aug 2013,Stock  Split From Rs.10/- to Rs.5/-,17 Aug 2013,-,-,08 Aug 2013,14 Aug 2013,-
534741,VIRTUALG,14 Aug 2013,Stock  Split From Rs.10/- to Rs.1/-,-,19 Aug 2013,22 Aug 2013,08 Aug 2013,16 Aug 2013,-
519600,CCL,19 Aug 2013,Stock  Split From Rs.10/- to Rs.2/-,20 Aug 2013,-,-,12 Aug 2013,19 Aug 2013,-
524470,SYNCOMF,19 Aug 2013,Stock  Split From Rs.10/- to Rs.1/-,20 Aug 2013,-,-,12 Aug 2013,19 Aug 2013,-
532830,ASTRAL,05 Sep 2013,Stock  Split From Rs.5/- to Rs.2/-,09 Sep 2013,-,-,02 Sep 2013,05 Sep 2013,-
532770,HANUNG,12 Sep 2013,Stock  Split From Rs.10/- to Rs.5/-,-,14 Sep 2013,18 Sep 2013,06 Sep 2013,12 Sep 2013,-
504378,NYSSACORP,16 Sep 2013,Stock  Split From Rs.10/- to Rs.1/-,17 Sep 2013,-,-,10 Sep 2013,16 Sep 2013,-
522249,MAYURUNIQ,25 Sep 2013,Stock  Split From Rs.10/- to Rs.5/-,26 Sep 2013,-,-,19 Sep 2013,25 Sep 2013,-
534733,ICVLSTEELS,30 Sep 2013,Stock  Split From Rs.10/- to Rs.1/-,01 Oct 2013,-,-,24 Sep 2013,30 Sep 2013,-
534732,INTELLADV,30 Sep 2013,Stock  Split From Rs.10/- to Rs.1/-,01 Oct 2013,-,-,24 Sep 2013,30 Sep 2013,-
530967,KYRALANDS,30 Sep 2013,Stock  Split From Rs.10/- to Rs.5/-,01 Oct 2013,-,-,24 Sep 2013,30 Sep 2013,-
534734,RMCHEM,30 Sep 2013,Stock  Split From Rs.10/- to Rs.1/-,01 Oct 2013,-,-,24 Sep 2013,30 Sep 2013,-
531228,RANDER,09 Oct 2013,Stock  Split From Rs.10/- to Rs.1/-,10 Oct 2013,-,-,03 Oct 2013,09 Oct 2013,-
503637,DHANLEELA,10 Oct 2013,Stock  Split From Rs.10/- to Rs.2/-,12 Oct 2013,-,-,07 Oct 2013,10 Oct 2013,-
531307,SRK,11 Oct 2013,Stock  Split From Rs.10/- to Rs.5/-,14 Oct 2013,-,-,07 Oct 2013,11 Oct 2013,-
500469,FEDERALBNK,17 Oct 2013,Stock  Split From Rs.10/- to Rs.2/-,18 Oct 2013,-,-,10 Oct 2013,17 Oct 2013,-
530187,ATHARVENT,18 Oct 2013,Stock  Split From Rs.10/- to Rs.1/-,21 Oct 2013,-,-,11 Oct 2013,18 Oct 2013,-
523716,ASHIANA,24 Oct 2013,Stock  Split From Rs.10/- to Rs.2/-,25 Oct 2013,-,-,18 Oct 2013,24 Oct 2013,-
509499,CTRNIND,25 Oct 2013,Stock  Split From Rs.10/- to Rs.1/-,28 Oct 2013,-,-,21 Oct 2013,25 Oct 2013,-
512207,EFFTXT,13 Nov 2013,Stock  Split From Rs.10/- to Rs.1/-,15 Nov 2013,-,-,07 Nov 2013,13 Nov 2013,-
506113,LIFELINE,13 Nov 2013,Stock  Split From Rs.10/- to Rs.1/-,15 Nov 2013,-,-,07 Nov 2013,13 Nov 2013,-
508664,BESTEAST,14 Nov 2013,Stock  Split From Rs.2/- to Rs.1/-,18 Nov 2013,-,-,08 Nov 2013,14 Nov 2013,-
533150,GODREJPROP,21 Nov 2013,Stock  Split From Rs.10/- to Rs.5/-,22 Nov 2013,-,-,14 Nov 2013,21 Nov 2013,-
531780,KACL,22 Nov 2013,Stock  Split From Rs.10/- to Rs.1/-,25 Nov 2013,-,-,20 Nov 2013,22 Nov 2013,-
530517,RELAXO,22 Nov 2013,Stock  Split From Rs.5/- to Rs.1/-,25 Nov 2013,-,-,18 Nov 2013,22 Nov 2013,-
504335,RUTRINT,22 Nov 2013,Stock  Split From Rs.10/- to Rs.1/-,25 Nov 2013,-,-,18 Nov 2013,22 Nov 2013,-
506822,AIPCL,13 Dec 2013,Stock  Split From Rs.10/- to Rs.1/-,16 Dec 2013,-,-,09 Dec 2013,13 Dec 2013,-
511369,FIRFIN,13 Dec 2013,Stock  Split From Rs.10/- to Rs.1/-,16 Dec 2013,-,-,09 Dec 2013,13 Dec 2013,-
523133,BONINDL,19 Dec 2013,Stock  Split From Rs.10/- to Rs.5/-,20 Dec 2013,-,-,13 Dec 2013,19 Dec 2013,-
530701,KDJHRL,26 Dec 2013,Stock  Split From Rs.10/- to Rs.2/-,27 Dec 2013,-,-,19 Dec 2013,26 Dec 2013,-
531963,UNICRSE,26 Dec 2013,Stock  Split From Rs.10/- to Rs.5/-,27 Dec 2013,-,-,19 Dec 2013,26 Dec 2013,-
504340,CONFINT,30 Dec 2013,Stock  Split From Rs.10/- to Rs.1/-,31 Dec 2013,-,-,23 Dec 2013,30 Dec 2013,-
511082,MAAJTL,09 Jan 2014,Stock  Split From Rs.10/- to Rs.2/-,10 Jan 2014,-,-,03 Jan 2014,09 Jan 2014,-
509945,THACKER,10 Jan 2014,Stock  Split From Rs.10/- to Rs.5/-,13 Jan 2014,-,-,07 Jan 2014,09 Jan 2014,-
512379,CRESSAN,13 Jan 2014,Stock  Split From Rs.10/- to Rs.1/-,15 Jan 2014,-,-,08 Jan 2014,14 Jan 2014,-
512191,PYRAMID,16 Jan 2014,Stock  Split From Rs.10/- to Rs.1/-,17 Jan 2014,-,-,09 Jan 2014,16 Jan 2014,-
533276,BSLIMITED,21 Jan 2014,Stock  Split From Rs.10/- to Rs.1/-,22 Jan 2014,-,-,15 Jan 2014,21 Jan 2014,-
532899,KSCL,27 Jan 2014,Stock  Split From Rs.10/- to Rs.2/-,28 Jan 2014,-,-,21 Jan 2014,27 Jan 2014,-
504345,SAMLEPU,29 Jan 2014,Stock  Split From Rs.10/- to Rs.1/-,30 Jan 2014,-,-,23 Jan 2014,29 Jan 2014,-
503310,SWANENERGY,03 Feb 2014,Stock  Split From Rs.2/- to Rs.1/-,04 Feb 2014,-,-,28 Jan 2014,03 Feb 2014,-
532908,SHARONBIO,20 Feb 2014,Stock  Split From Rs.10/- to Rs.2/-,21 Feb 2014,-,-,13 Feb 2014,20 Feb 2014,-
508954,FINKURVE,26 Feb 2014,Stock  Split From Rs.10/- to Rs.1/-,28 Feb 2014,-,-,20 Feb 2014,26 Feb 2014,-
532735,RSYSTEMS,26 Feb 2014,Stock  Split From Rs.10/- to Rs.1/-,28 Feb 2014,-,-,20 Feb 2014,26 Feb 2014,-
505712,GUJAUTO,03 Mar 2014,Stock  Split From Rs.10/- to Rs.2/-,04 Mar 2014,-,-,24 Feb 2014,03 Mar 2014,-
530479,ATLINFRA,14 Mar 2014,Stock  Split From Rs.10/- to Rs.1/-,18 Mar 2014,-,-,10 Mar 2014,14 Mar 2014,-
511016,PREMCAP,19 Mar 2014,Stock  Split From Rs.10/- to Rs.1/-,20 Mar 2014,-,-,12 Mar 2014,19 Mar 2014,-
512067,VISJYTR,19 Mar 2014,Stock  Split From Rs.10/- to Rs.1/-,20 Mar 2014,-,-,12 Mar 2014,19 Mar 2014,-
532826,RAJTV,25 Mar 2014,Stock  Split From Rs.10/- to Rs.5/-,26 Mar 2014,-,-,20 Mar 2014,25 Mar 2014,-
530961,VIKASGLOB,27 Mar 2014,Stock  Split From Rs.10/- to Rs.1/-,30 Mar 2014,-,-,24 Mar 2014,26 Mar 2014,-
532992,CHLLTD,03 Apr 2014,Stock  Split From Rs.10/- to Rs.2/-,05 Apr 2014,-,-,27 Mar 2014,03 Apr 2014,-
531909,SWAGRUHA,04 Apr 2014,Stock  Split From Rs.10/- to Rs.1/-,07 Apr 2014,-,-,28 Mar 2014,04 Apr 2014,-
511710,CUBIFIN,23 Apr 2014,Stock  Split From Rs.10/- to Rs.2/-,25 Apr 2014,-,-,17 Apr 2014,23 Apr 2014,-
526671,MKEL,23 Apr 2014,Stock  Split From Rs.10/- to Rs.1/-,26 Apr 2014,-,-,21 Apr 2014,23 Apr 2014,-
526075,VINRKLB,30 Apr 2014,Stock  Split From Rs.10/- to Rs.5/-,02 May 2014,-,-,23 Apr 2014,30 Apr 2014,-
512417,TRITRADE,23 May 2014,Stock  Split From Rs.10/- to Rs.1/-,26 May 2014,-,-,21 May 2014,23 May 2014,-
531737,GREENCREST,05 Jun 2014,Stock  Split From Rs.10/- to Rs.1/-,06 Jun 2014,-,-,30 May 2014,05 Jun 2014,-
506401,DEEPAKNI,20 Jun 2014,Stock  Split From Rs.10/- to Rs.2/-,23 Jun 2014,-,-,16 Jun 2014,20 Jun 2014,-
509945,THACKER,24 Jun 2014,Stock  Split From Rs.5/- to Rs.1/-,25 Jun 2014,-,-,19 Jun 2014,24 Jun 2014,-
531626,OROSMITHS,26 Jun 2014,Stock  Split From Rs.10/- to Rs.5/-,28 Jun 2014,-,-,23 Jun 2014,26 Jun 2014,-
506863,SWADEIN,02 Jul 2014,Stock  Split From Rs.10/- to Rs.1/-,03 Jul 2014,-,-,25 Jun 2014,02 Jul 2014,-
532215,AXISBANK,28 Jul 2014,Stock  Split From Rs.10/- to Rs.2/-,30 Jul 2014,-,-,22 Jul 2014,28 Jul 2014,-
538423,ALPSMOTOR,04 Aug 2014,Stock  Split From Rs.10/- to Rs.1/-,05 Aug 2014,-,-,28 Jul 2014,04 Aug 2014,-
535204,PEARLAGRI,14 Aug 2014,Stock  Split From Rs.10/- to Rs.1/-,19 Aug 2014,-,-,11 Aug 2014,18 Aug 2014,-
535205,PEARLELEC,14 Aug 2014,Stock  Split From Rs.10/- to Rs.1/-,19 Aug 2014,-,-,11 Aug 2014,18 Aug 2014,-
503641,MONEYMAST,21 Aug 2014,Stock  Split From Rs.10/- to Rs.1/-,23 Aug 2014,-,-,14 Aug 2014,21 Aug 2014,-
517354,HAVELLS,26 Aug 2014,Stock  Split From Rs.5/- to Rs.1/-,27 Aug 2014,-,-,20 Aug 2014,26 Aug 2014,-
533169, MANINFRA,28 Aug 2014,Stock  Split From Rs.10/- to Rs.2/-,-,02 Sep 2014,05 Sep 2014,25 Aug 2014,01 Sep 2014,-
505502,PSITINFRA,03 Sep 2014,Stock  Split From Rs.10/- to Rs.1/-,04 Sep 2014,-,-,27 Aug 2014,03 Sep 2014,-
532834,CAMLNFINE,04 Sep 2014,Stock  Split From Rs.2/- to Rs.1/-,05 Sep 2014,-,-,28 Aug 2014,04 Sep 2014,-
532209,J&KBANK,04 Sep 2014,Stock  Split From Rs.10/- to Rs.1/-,05 Sep 2014,-,-,28 Aug 2014,04 Sep 2014,-
506767,ALKYLAMINE,08 Sep 2014,Stock  Split From Rs.10/- to Rs.5/-,09 Sep 2014,-,-,02 Sep 2014,08 Sep 2014,-
532919,ACIASIA,11 Sep 2014,Stock  Split From Rs.10/- to Rs.1/-,-,15 Sep 2014,16 Sep 2014,08 Sep 2014,12 Sep 2014,-
531795,ATULAUTO,12 Sep 2014,Stock  Split From Rs.10/- to Rs.5/-,15 Sep 2014,-,-,08 Sep 2014,12 Sep 2014,-
524820,PANAMAPET,19 Sep 2014,Stock  Split From Rs.10/- to Rs.2/-,22 Sep 2014,-,-,15 Sep 2014,19 Sep 2014,-
531645,SOUISPAT,22 Sep 2014,Stock  Split From Rs.10/- to Rs.1/-,-,24 Sep 2014,30 Sep 2014,17 Sep 2014,23 Sep 2014,-
526947,LAOPALA,24 Sep 2014,Stock  Split From Rs.10/- to Rs.2/-,25 Sep 2014,-,-,18 Sep 2014,24 Sep 2014,-
532830,ASTRAL,25 Sep 2014,Stock  Split From Rs.2/- to Rs.1/-,26 Sep 2014,-,-,19 Sep 2014,25 Sep 2014,-
505523,MAHACORP,25 Sep 2014,Stock  Split From Rs.10/- to Rs.1/-,-,27 Sep 2014,30 Sep 2014,22 Sep 2014,25 Sep 2014,-
506655,SUDARSCHEM,30 Sep 2014,Stock  Split From Rs.10/- to Rs.2/-,01 Oct 2014,-,-,24 Sep 2014,30 Sep 2014,-
530251,RISAINTL,07 Oct 2014,Stock  Split From Rs.10/- to Rs.2/-,08 Oct 2014,-,-,29 Sep 2014,07 Oct 2014,-
531695,JAGPRO,08 Oct 2014,Stock  Split From Rs.5/- to Rs.1/-,09 Oct 2014,-,-,29 Sep 2014,08 Oct 2014,-
532605,JBMA,08 Oct 2014,Stock  Split From Rs.10/- to Rs.5/-,09 Oct 2014,-,-,29 Sep 2014,08 Oct 2014,-
590115,M50,16 Oct 2014,Stock  Split From Rs./- to Rs./-,17 Oct 2014,-,-,13 Oct 2014,16 Oct 2014,-
537838,MITL,16 Oct 2014,Stock  Split From Rs.10/- to Rs.1/-,17 Oct 2014,-,-,10 Oct 2014,16 Oct 2014,-
531192,MIDINFRA,21 Oct 2014,Stock  Split From Rs.10/- to Rs.1/-,23 Oct 2014,-,-,20 Oct 2014,21 Oct 2014,-
534060,PMCFIN,22 Oct 2014,Stock  Split From Rs.5/- to Rs.1/-,27 Oct 2014,-,-,17 Oct 2014,23 Oct 2014,-
533482,KRIINFRA,27 Oct 2014,Stock  Split From Rs.10/- to Rs.2/-,28 Oct 2014,-,-,21 Oct 2014,27 Oct 2014,-
535431,GCMSECU,28 Oct 2014,Stock  Split From Rs.10/- to Rs.1/-,29 Oct 2014,-,-,20 Oct 2014,28 Oct 2014,-
532776,SHIVAMAUTO,30 Oct 2014,Stock  Split From Rs.10/- to Rs.2/-,31 Oct 2014,-,-,22 Oct 2014,30 Oct 2014,-
538570,ACHAL,12 Nov 2014,Stock  Split From Rs.10/- to Rs.1/-,13 Nov 2014,-,-,05 Nov 2014,12 Nov 2014,-
530557,NCLRESE,17 Nov 2014,Stock  Split From Rs.10/- to Rs.2/-,18 Nov 2014,-,-,11 Nov 2014,17 Nov 2014,-
538575,SURYAMARK,18 Nov 2014,Stock  Split From Rs.10/- to Rs.1/-,19 Nov 2014,-,-,12 Nov 2014,18 Nov 2014,-
526735,EXCAST,20 Nov 2014,Stock  Split From Rs.10/- to Rs.2/-,21 Nov 2014,-,-,14 Nov 2014,20 Nov 2014,-
531898,SANGUI,20 Nov 2014,Stock  Split From Rs.10/- to Rs.1/-,21 Nov 2014,-,-,14 Nov 2014,20 Nov 2014,-
500112,SBIN,20 Nov 2014,Stock  Split From Rs.10/- to Rs.1/-,21 Nov 2014,-,-,14 Nov 2014,20 Nov 2014,-
533339,ZENTEC,21 Nov 2014,Stock  Split From Rs.10/- to Rs.1/-,24 Nov 2014,-,-,17 Nov 2014,21 Nov 2014,-
533298,SURANASOL,25 Nov 2014,Stock  Split From Rs.10/- to Rs.5/-,26 Nov 2014,-,-,19 Nov 2014,25 Nov 2014,-
517530,SURANAT&P,25 Nov 2014,Stock  Split From Rs.5/- to Rs.1/-,26 Nov 2014,-,-,19 Nov 2014,25 Nov 2014,-
538433,CCFCL,27 Nov 2014,Stock  Split From Rs.10/- to Rs.1/-,28 Nov 2014,-,-,21 Nov 2014,27 Nov 2014,-
517500,ROTO,27 Nov 2014,Stock  Split From Rs.10/- to Rs.2/-,28 Nov 2014,-,-,26 Nov 2014,27 Nov 2014,-
500163,GODFRYPHLP,28 Nov 2014,Stock  Split From Rs.10/- to Rs.2/-,01 Dec 2014,-,-,24 Nov 2014,28 Nov 2014,-
532174,ICICIBANK,04 Dec 2014,Stock  Split From Rs.10/- to Rs.2/-,05 Dec 2014,-,-,28 Nov 2014,04 Dec 2014,-
538541,ANGL,18 Dec 2014,Stock  Split From Rs.10/- to Rs.1/-,19 Dec 2014,-,-,12 Dec 2014,18 Dec 2014,-
530007,JKTYRE,18 Dec 2014,Stock  Split From Rs.10/- to Rs.2/-,19 Dec 2014,-,-,12 Dec 2014,18 Dec 2014,-
532461,PNB,18 Dec 2014,Stock  Split From Rs.10/- to Rs.2/-,19 Dec 2014,-,-,12 Dec 2014,18 Dec 2014,-
530703,INFODRIVE,24 Dec 2014,Stock  Split From Rs.10/- to Rs.1/-,26 Dec 2014,-,-,18 Dec 2014,24 Dec 2014,-
538537,OMANSH,24 Dec 2014,Stock  Split From Rs.10/- to Rs.2/-,26 Dec 2014,-,-,18 Dec 2014,24 Dec 2014,-
538520,SBL,24 Dec 2014,Stock  Split From Rs.10/- to Rs.1/-,26 Dec 2014,-,-,19 Dec 2014,24 Dec 2014,-
538566,POTENTIAL,31 Dec 2014,Stock  Split From Rs.10/- to Rs.2/-,01 Jan 2015,-,-,24 Dec 2014,31 Dec 2014,-
533162,HATHWAY,06 Jan 2015,Stock  Split From Rs.10/- to Rs.2/-,07 Jan 2015,-,-,31 Dec 2014,06 Jan 2015,-
509480,BERGEPAINT,08 Jan 2015,Stock  Split From Rs.2/- to Rs.1/-,09 Jan 2015,-,-,02 Jan 2015,08 Jan 2015,-
534839,EFPL,08 Jan 2015,Stock  Split From Rs.10/- to Rs.1/-,09 Jan 2015,-,-,02 Jan 2015,08 Jan 2015,-
517447,RSSOFTWARE,21 Jan 2015,Stock  Split From Rs.10/- to Rs.5/-,22 Jan 2015,-,-,15 Jan 2015,21 Jan 2015,-
532134,BANKBARODA,22 Jan 2015,Stock  Split From Rs.10/- to Rs.2/-,23 Jan 2015,-,-,16 Jan 2015,22 Jan 2015,-
532179,CORPBANK,22 Jan 2015,Stock  Split From Rs.10/- to Rs.2/-,23 Jan 2015,-,-,16 Jan 2015,22 Jan 2015,-
532301,TATACOFFEE,23 Jan 2015,Stock  Split From Rs.10/- to Rs.1/-,27 Jan 2015,-,-,19 Jan 2015,23 Jan 2015,-
531768,POLYMED,02 Feb 2015,Stock  Split From Rs.10/- to Rs.5/-,03 Feb 2015,-,-,27 Jan 2015,02 Feb 2015,-
514010,HIMFIBP,09 Feb 2015,Stock  Split From Rs.10/- to Rs.1/-,10 Feb 2015,-,-,03 Feb 2015,09 Feb 2015,-
534927,EBFL,11 Feb 2015,Stock  Split From Rs.10/- to Rs.1/-,12 Feb 2015,-,-,05 Feb 2015,11 Feb 2015,-
538452,QUASAR,12 Feb 2015,Stock  Split From Rs.10/- to Rs.1/-,13 Feb 2015,-,-,06 Feb 2015,12 Feb 2015,-
530091,OVERSECA,18 Feb 2015,Stock  Split From Rs.10/- to Rs.2/-,21 Feb 2015,-,-,12 Feb 2015,19 Feb 2015,-
511012,YAMNINV,18 Feb 2015,Stock  Split From Rs.10/- to Rs.1/-,20 Feb 2015,-,-,16 Feb 2015,19 Feb 2015,-
535217,HPCBL,20 Feb 2015,Stock  Split From Rs.10/- to Rs.1/-,23 Feb 2015,-,-,12 Feb 2015,20 Feb 2015,-
511395,BALTECGL,25 Feb 2015,Stock  Split From Rs.10/- to Rs.1/-,26 Feb 2015,-,-,18 Feb 2015,25 Feb 2015,-
504369,GRANDMA,26 Feb 2015,Stock  Split From Rs.10/- to Rs.1/-,27 Feb 2015,-,-,20 Feb 2015,26 Feb 2015,-
506248,AMNPLST,27 Feb 2015,Stock  Split From Rs.10/- to Rs.2/-,02 Mar 2015,-,-,23 Feb 2015,28 Feb 2015,-
524735,HIKAL,27 Feb 2015,Stock  Split From Rs.10/- to Rs.2/-,02 Mar 2015,-,-,23 Feb 2015,28 Feb 2015,-
535142,CNEL,02 Mar 2015,Stock  Split From Rs.10/- to Rs.1/-,03 Mar 2015,-,-,24 Feb 2015,02 Mar 2015,-
511064,EINSEDUTEC,11 Mar 2015,Stock  Split From Rs.10/- to Rs.1/-,12 Mar 2015,-,-,04 Mar 2015,11 Mar 2015,-
505343,MONOT,16 Mar 2015,Stock  Split From Rs.10/- to Rs.1/-,17 Mar 2015,-,-,11 Mar 2015,16 Mar 2015,-
532755,TECHM,19 Mar 2015,Stock  Split From Rs.10/- to Rs.5/-,20 Mar 2015,-,-,13 Mar 2015,19 Mar 2015,-
532331,AJANTPHARM,20 Mar 2015,Stock  Split From Rs.5/- to Rs.2/-,23 Mar 2015,-,-,16 Mar 2015,20 Mar 2015,-
532482,GRANULES,23 Mar 2015,Stock  Split From Rs.10/- to Rs.1/-,24 Mar 2015,-,-,17 Mar 2015,23 Mar 2015,-
538860,PANAFIC,25 Mar 2015,Stock  Split From Rs.10/- to Rs.1/-,26 Mar 2015,-,-,19 Mar 2015,25 Mar 2015,-
500165,KANSAINER,26 Mar 2015,Stock  Split From Rs.10/- to Rs.1/-,27 Mar 2015,-,-,20 Mar 2015,26 Mar 2015,-
512319,RAJLXIN,27 Mar 2015,Stock  Split From Rs.10/- to Rs.1/-,30 Mar 2015,-,-,23 Mar 2015,27 Mar 2015,-
532081,KSERA,30 Mar 2015,Stock  Split From Rs.10/- to Rs.1/-,31 Mar 2015,-,-,24 Mar 2015,27 Mar 2015,-
511187,MAHAINV,30 Mar 2015,Stock  Split From Rs.10/- to Rs.1/-,31 Mar 2015,-,-,24 Mar 2015,27 Mar 2015,-
523828,MENONBE,09 Apr 2015,Stock  Split From Rs.5/- to Rs.1/-,10 Apr 2015,-,-,31 Mar 2015,09 Apr 2015,-
537069,ARNOLD,16 Apr 2015,Stock  Split From Rs.10/- to Rs.2/-,17 Apr 2015,-,-,09 Apr 2015,16 Apr 2015,-
513519,PITTILAM,16 Apr 2015,Stock  Split From Rs.10/- to Rs.5/-,17 Apr 2015,-,-,09 Apr 2015,16 Apr 2015,-
509162,INDAG,23 Apr 2015,Stock  Split From Rs.10/- to Rs.2/-,24 Apr 2015,-,-,17 Apr 2015,23 Apr 2015,-
532966,TWL,23 Apr 2015,Stock  Split From Rs.10/- to Rs.2/-,24 Apr 2015,-,-,17 Apr 2015,23 Apr 2015,-
531233,RASIELEC,11 May 2015,Stock  Split From Rs.10/- to Rs.2/-,12 May 2015,-,-,05 May 2015,11 May 2015,-
539010,SMADL,18 May 2015,Stock  Split From Rs.10/- to Rs.5/-,19 May 2015,-,-,12 May 2015,18 May 2015,-
526409,KKALPANAIND,21 May 2015,Stock  Split From Rs.10/- to Rs.2/-,22 May 2015,-,-,15 May 2015,21 May 2015,-
504000,ELPROINTL,04 Jun 2015,Stock  Split From Rs.10/- to Rs.2/-,05 Jun 2015,-,-,29 May 2015,04 Jun 2015,-
502448,ROLLT,04 Jun 2015,Stock  Split From Rs.10/- to Rs.2/-,05 Jun 2015,-,-,29 May 2015,04 Jun 2015,-
535141,SRDL,04 Jun 2015,Stock  Split From Rs.10/- to Rs.1/-,05 Jun 2015,-,-,29 May 2015,04 Jun 2015,-
533333,FCL,11 Jun 2015,Stock  Split From Rs.10/- to Rs.2/-,12 Jun 2015,-,-,05 Jun 2015,11 Jun 2015,-
506159,ZPARANLT,12 Jun 2015,Stock  Split From Rs.100/- to Rs.1/-,15 Jun 2015,-,-,08 Jun 2015,12 Jun 2015,-
